{"cameraMode":{"drawMode":0,"name":"Shaded","section":"Shading Mode"},"sceneLighting":false,"audioPlay":false,"sceneViewState":{"showFog":true,"showMaterialUpdate":false,"showSkybox":true,"showFlares":true,"showImageEffects":true,"showParticleSystems":true},"in2DMode":false,"pivot":{"x":2.6703882217407228,"y":2.3490078449249269,"z":-1.178113341331482},"rotation":{"x":0.10393237322568894,"y":0.7771815061569214,"z":-0.13325616717338563,"w":0.6061599850654602},"size":2.399942636489868,"orthographic":false}