{"cameraMode":{"drawMode":0,"name":"Shaded","section":"Shading Mode"},"sceneLighting":true,"audioPlay":false,"sceneViewState":{"showFog":true,"showMaterialUpdate":false,"showSkybox":true,"showFlares":true,"showImageEffects":true,"showParticleSystems":true},"in2DMode":false,"pivot":{"x":1.9805760383605958,"y":2.945584297180176,"z":3.8273000717163088},"rotation":{"x":-0.011198388412594796,"y":0.967121422290802,"z":-0.2503589391708374,"w":-0.04325814172625542},"size":14.653676986694336,"orthographic":false}